[
{"id":"1","username":"zevozdatostv","fullname":"Vijaya Bachchan","status":"Approved","gender":"female","user_type":"Service Provider","iqama":"193386168","national_id":"","email":"scarlet@live.com","telephone":"0565034914","certified":"YES","sa_address1":"3017-3089 Muhammad Ibn Al Muhaddith, Al Falah, 13314","long_lat":"24.799830, 46.706431","sa_region":"","sa_city":"Riyadh","country":"Bangladesh","nationality":"Bengali","profile_image":"","reg_date":"2019-01-19","rate_ph":" SAR 198 ","no_projects":"8","revenue":" SAR 10,922.00 ","comments":"8","profession":"Babby Sitter","bio":"Hardcore Netflix fanatic. Social media fanatic. Music enthusiast. Introvert. Proud pop culture scholar. Problem solver.","skills":""},
{"id":"2","username":"siRiesenbox","fullname":"Hira Das","status":"Approved","gender":"female","user_type":"Service Provider","iqama":"177987089","national_id":"","email":"wildfire@msn.com","telephone":"0525534044","certified":"NO","sa_address1":"7915 Nabuls, Al Wadi, 13313","long_lat":"24.794842, 46.683641","sa_region":"","sa_city":"Riyadh","country":"Bangladesh","nationality":"Bengali","profile_image":"","reg_date":"2021-04-13","rate_ph":" SAR 210 ","no_projects":"11","revenue":" SAR 7,897.00 ","comments":"7","profession":"","bio":"","skills":""},
{"id":"3","username":"y5hpg105car","fullname":"Lilavati Das","status":"Approved","gender":"female","user_type":"Service Provider","iqama":"171504986","national_id":"","email":"makarow@yahoo.ca","telephone":"0577183580","certified":"YES","sa_address1":"4590 Prince Abdullah Bin Jalawy Street, Al Jalawiyah, 32246","long_lat":"26.438181, 50.076139","sa_region":"","sa_city":"Dammam","country":"Bangladesh","nationality":"Bengali","profile_image":"","reg_date":"2019-03-20","rate_ph":" SAR 55 ","no_projects":"63","revenue":" SAR 90,676.00 ","comments":"55","profession":"","bio":"","skills":""},
{"id":"4","username":"f0Nadelhelm","fullname":"Reva Joshi","status":"Approved","gender":"female","user_type":"Service Provider","iqama":"139373530","national_id":"","email":"pakaste@msn.com","telephone":"0558758867","certified":"YES","sa_address1":"2745 Al Midmar, Al Wadi, 13313","long_lat":"24.792684, 46.685454","sa_region":"","sa_city":"Riyadh","country":"Bangladesh","nationality":"Bengali","profile_image":"","reg_date":"2021-04-18","rate_ph":" SAR 89 ","no_projects":"90","revenue":" SAR 18,368.00 ","comments":"10","profession":"","bio":"","skills":""},
{"id":"5","username":"txgregio","fullname":"Shanta Patil","status":"Approved","gender":"female","user_type":"Service Provider","iqama":"163923020","national_id":"","email":"flakeg@yahoo.com","telephone":"0540098191","certified":"YES","sa_address1":"4397 Ibn Al Muzafar, Al Jalawiyah, 32246","long_lat":"26.439229, 50.074243","sa_region":"","sa_city":"Dammam","country":"Bangladesh","nationality":"Bengali","profile_image":"","reg_date":"2019-06-20","rate_ph":" SAR 272 ","no_projects":"50","revenue":" SAR 82,817.00 ","comments":"40","profession":"","bio":"","skills":""},
{"id":"6","username":"79ingefinee","fullname":"Durga Mishra","status":"Approved","gender":"female","user_type":"Service Provider","iqama":"175811703","national_id":"","email":"fraterk@comcast.net","telephone":"0518980556","certified":"YES","sa_address1":"Nasamat Al Amal, Al-Ruwais, 23212","long_lat":"21.522886, 39.166204","sa_region":"","sa_city":"Jeddah","country":"Bangladesh","nationality":"Bengali","profile_image":"","reg_date":"2021-05-18","rate_ph":" SAR 135 ","no_projects":"45","revenue":" SAR 77,946.00 ","comments":"37","profession":"","bio":"","skills":""},
{"id":"7","username":"65snowhunni","fullname":"Harpreet Choudhary","status":"Approved","gender":"female","user_type":"Service Provider","iqama":"149726753","national_id":"","email":"mcnihil@sbcglobal.net","telephone":"0522074149","certified":"YES","sa_address1":"6818 Al Muadhin, Al Wadi, 13313","long_lat":"24.784889, 46.685339","sa_region":"","sa_city":"Riyadh","country":"Bangladesh","nationality":"Bengali","profile_image":"","reg_date":"2020-01-07","rate_ph":" SAR 319 ","no_projects":"13","revenue":" SAR 71,078.00 ","comments":"51","profession":"","bio":"","skills":""},
{"id":"8","username":"5wfandal","fullname":"Arti Nibhanupudi","status":"Approved","gender":"female","user_type":"Service Provider","iqama":"165411762","national_id":"","email":"djupedal@hotmail.com","telephone":"0551327932","certified":"YES","sa_address1":"2983 Ar Rubu Al Arabiyyah, Al Hamra District, 23321","long_lat":"21.526952, 39.159160","sa_region":"","sa_city":"Jeddah","country":"Bangladesh","nationality":"Bengali","profile_image":"","reg_date":"2021-01-31","rate_ph":" SAR 129 ","no_projects":"31","revenue":" SAR 69,259.00 ","comments":"23","profession":"","bio":"","skills":""},
{"id":"9","username":"2memogurl79","fullname":"Kamakshi Nagarkar","status":"Approved","gender":"female","user_type":"Service Provider","iqama":"145479072","national_id":"","email":"ardagna@msn.com","telephone":"0527068964","certified":"NO","sa_address1":"Ghaza, Al-Hamra'a, 23211","long_lat":"21.520844, 39.159354","sa_region":"","sa_city":"Jeddah","country":"Bangladesh","nationality":"Bengali","profile_image":"","reg_date":"2020-06-21","rate_ph":" SAR 125 ","no_projects":"5","revenue":" SAR 1,090.00 ","comments":"11","profession":"","bio":"","skills":""},
{"id":"10","username":"l5wartki","fullname":"Swati D'Cruz","status":"Approved","gender":"female","user_type":"Service Provider","iqama":"205655095","national_id":"","email":"dbanarse@gmail.com","telephone":"0582365519","certified":"YES","sa_address1":"2536-2506 Al Mansurah, Al-Hamra'a, 23212","long_lat":"21.518188, 39.157055","sa_region":"","sa_city":"Jeddah","country":"Bangladesh","nationality":"Bengali","profile_image":"","reg_date":"2019-05-07","rate_ph":" SAR 272 ","no_projects":"7","revenue":" SAR 20,916.00 ","comments":"17","profession":"","bio":"","skills":""},
{"id":"11","username":"yiLaMorena","fullname":"Arjun Tamboli","status":"Approved","gender":"male","user_type":"Service Provider","iqama":"221609364","national_id":"","email":"wilsonpm@gmail.com","telephone":"0577003734","certified":"YES","sa_address1":"4288 Muhammad Al Qadai, An Nafal, 13312","long_lat":"24.780656, 46.682626","sa_region":"","sa_city":"Riyadh","country":"Bangladesh","nationality":"Bengali","profile_image":"","reg_date":"2019-07-20","rate_ph":" SAR 270 ","no_projects":"67","revenue":" SAR 71,425.00 ","comments":"68","profession":"","bio":"","skills":""},
{"id":"12","username":"vsdarmoth","fullname":"Ninad Narang","status":"Approved","gender":"male","user_type":"Service Provider","iqama":"167133943","national_id":"","email":"ghost@me.com","telephone":"0531102573","certified":"NO","sa_address1":"6794-6792 Al Halal, An Nafal, 13312","long_lat":"24.777224, 46.680027","sa_region":"","sa_city":"Riyadh","country":"Bangladesh","nationality":"Bengali","profile_image":"","reg_date":"2020-11-28","rate_ph":" SAR 27 ","no_projects":"93","revenue":" SAR 7,268.00 ","comments":"13","profession":"","bio":"","skills":""},
{"id":"13","username":"nqscheert","fullname":"Sudhir D'Cruze","status":"Pending","gender":"male","user_type":"Service Provider","iqama":"158421817","national_id":"","email":"pedwards@optonline.net","telephone":"0547325721","certified":"NO","sa_address1":"6418 Ahmad Al Khazraji, Al Anud, 32426","long_lat":"26.444665, 50.079475","sa_region":"","sa_city":"Dammam","country":"Bangladesh","nationality":"Bengali","profile_image":"","reg_date":"2019-06-25","rate_ph":" SAR 347 ","no_projects":"59","revenue":" SAR 38,285.00 ","comments":"25","profession":"","bio":"","skills":""},
{"id":"14","username":"0iBabila","fullname":"Chander D'Cruze","status":"Suspended","gender":"male","user_type":"Service Provider","iqama":"150207201","national_id":"","email":"hutton@outlook.com","telephone":"0530706139","certified":"YES","sa_address1":"Prince Khaled Bin Fahd St, Al Hizam Al Akhdar, 34433","long_lat":"26.304483, 50.204270","sa_region":"","sa_city":"Al Khobar","country":"Bangladesh","nationality":"Bengali","profile_image":"","reg_date":"2020-02-22","rate_ph":" SAR 264 ","no_projects":"61","revenue":" SAR 74,228.00 ","comments":"48","profession":"","bio":"","skills":""},
{"id":"15","username":"n3buddhismo","fullname":"Jayendra Chaudhri","status":"Pending","gender":"male","user_type":"Service Provider","iqama":"160954849","national_id":"","email":"mobileip@comcast.net","telephone":"0521142543","certified":"YES","sa_address1":"Firas Ibn Al Nudur St, Olaya, 34445","long_lat":"26.289123, 50.201150","sa_region":"","sa_city":"Al Khobar","country":"Bangladesh","nationality":"Bengali","profile_image":"","reg_date":"2020-05-12","rate_ph":" SAR 110 ","no_projects":"94","revenue":" SAR 74,638.00 ","comments":"59","profession":"","bio":"","skills":""},
{"id":"16","username":"39mystikkanjel","fullname":"Harsh Nibhanupudi","status":"Suspended","gender":"male","user_type":"Service Provider","iqama":"180103041","national_id":"","email":"maikelnai@icloud.com","telephone":"0540124296","certified":"YES","sa_address1":"Prince Hathlool St, Madinat Al Umal, 34443","long_lat":"26.285395, 50.200354","sa_region":"","sa_city":"Al Khobar","country":"Bangladesh","nationality":"Bengali","profile_image":"","reg_date":"2019-09-25","rate_ph":" SAR 358 ","no_projects":"9","revenue":" SAR 29,908.00 ","comments":"20","profession":"","bio":"","skills":""},
{"id":"17","username":"8javezwa","fullname":"Shahrukh Nagarkar","status":"Pending","gender":"male","user_type":"Service Provider","iqama":"206498919","national_id":"","email":"scotfl@gmail.com","telephone":"0538517021","certified":"YES","sa_address1":"6533 Prince Muqrin St, Madinat Al Umal, 34442","long_lat":"26.287228, 50.202908","sa_region":"","sa_city":"Al Khobar","country":"Bangladesh","nationality":"Bengali","profile_image":"","reg_date":"2020-08-22","rate_ph":" SAR 90 ","no_projects":"66","revenue":" SAR 3,054.00 ","comments":"3","profession":"","bio":"","skills":""},
{"id":"18","username":"hdHavolsko","fullname":"Mukul Nibhanupudi","status":"Suspended","gender":"male","user_type":"Service Provider","iqama":"148624261","national_id":"","email":"cgcra@verizon.net","telephone":"0578240316","certified":"YES","sa_address1":"Prince Abdulrahman St, Madinat Al Umal, 34442","long_lat":"26.288750, 50.205217","sa_region":"","sa_city":"Al Khobar","country":"Bangladesh","nationality":"Bengali","profile_image":"","reg_date":"2020-04-11","rate_ph":" SAR 199 ","no_projects":"22","revenue":" SAR 96,190.00 ","comments":"70","profession":"","bio":"","skills":""},
{"id":"19","username":"uffflyrtan","fullname":"Prem Nagarkar","status":"Pending","gender":"male","user_type":"Service Provider","iqama":"154105533","national_id":"","email":"forsberg@yahoo.ca","telephone":"0537803360","certified":"YES","sa_address1":"Prince Muteb St, Madinat Al Umal, 34442","long_lat":"26.291955, 50.205391","sa_region":"","sa_city":"Al Khobar","country":"Bangladesh","nationality":"Bengali","profile_image":"","reg_date":"2019-11-02","rate_ph":" SAR 138 ","no_projects":"37","revenue":" SAR 60,338.00 ","comments":"52","profession":"","bio":"","skills":""},
{"id":"20","username":"k5Ashani","fullname":"Ajeet Rao","status":"Suspended","gender":"male","user_type":"Service Provider","iqama":"178448793","national_id":"","email":"yenya@gmail.com","telephone":"0521007738","certified":"NO","sa_address1":"Prince Mashhoor St, Madinat Al Umal, 34441","long_lat":"26.297441, 50.202281","sa_region":"","sa_city":"Al Khobar","country":"Bangladesh","nationality":"Bengali","profile_image":"","reg_date":"2019-10-01","rate_ph":" SAR 218 ","no_projects":"56","revenue":" SAR 28,950.00 ","comments":"18","profession":"","bio":"","skills":""},
{"id":"21","username":"2MuMgqibelo","fullname":"Abhishek Gadhavi","status":"Pending","gender":"male","user_type":"Service Provider","iqama":"201699709","national_id":"","email":"evans@optonline.net","telephone":"0574536658","certified":"NO","sa_address1":"7996 Al Habbari, Almasiaf, 12467","long_lat":"24.771459, 46.676097","sa_region":"","sa_city":"Riyadh","country":"India","nationality":"Indian","profile_image":"","reg_date":"2021-01-31","rate_ph":" SAR 158 ","no_projects":"8","revenue":" SAR 10,922.00 ","comments":"8","profession":"","bio":"","skills":""},
{"id":"22","username":"lxsjb51","fullname":"Sarvesh Mhasalkar","status":"Suspended","gender":"male","user_type":"Service Provider","iqama":"222033502","national_id":"","email":"mcraigw@aol.com","telephone":"0547841280","certified":"NO","sa_address1":"7848 Abi Nasr Al Hussain, Almasiaf, 12467","long_lat":"24.770103, 46.672701","sa_region":"","sa_city":"Riyadh","country":"India","nationality":"Indian","profile_image":"","reg_date":"2020-06-21","rate_ph":" SAR 41 ","no_projects":"11","revenue":" SAR 7,897.00 ","comments":"7","profession":"","bio":"","skills":""},
{"id":"23","username":"t0Riebau","fullname":"Navin Ahmed","status":"Blocked","gender":"male","user_type":"Service Provider","iqama":"224354479","national_id":"","email":"gmcgath@hotmail.com","telephone":"0528985473","certified":"NO","sa_address1":"7825-7847 Muhammad Ramzi, Al Muruj,12283","long_lat":"24.762379, 46.661558","sa_region":"","sa_city":"Riyadh","country":"India","nationality":"Indian","profile_image":"","reg_date":"2019-01-19","rate_ph":" SAR 148 ","no_projects":"63","revenue":" SAR 90,676.00 ","comments":"55","profession":"","bio":"","skills":""},
{"id":"24","username":"pWelassyked","fullname":"Abhijit Chaudhari","status":"Reported","gender":"male","user_type":"Service Provider","iqama":"234791818","national_id":"","email":"dmouse@mac.com","telephone":"0569005836","certified":"YES","sa_address1":"6985-7095 Hasan Sadiq, Al Muruj, 12281","long_lat":"24.755056, 46.659134","sa_region":"","sa_city":"Riyadh","country":"India","nationality":"Indian","profile_image":"","reg_date":"2021-04-13","rate_ph":" SAR 242 ","no_projects":"90","revenue":" SAR 18,368.00 ","comments":"10","profession":"","bio":"","skills":""},
{"id":"25","username":"iKsuspares","fullname":"Jaswinder Vemulakonda","status":"Blocked","gender":"male","user_type":"Service Provider","iqama":"222010663","national_id":"","email":"malattia@optonline.net","telephone":"0586358749","certified":"NO","sa_address1":"7772 Abi Marwan Ibn Hayyan, King Fahd,12273 2771","long_lat":"24.745275, 46.666142","sa_region":"","sa_city":"Riyadh","country":"India","nationality":"Indian","profile_image":"","reg_date":"2019-03-20","rate_ph":" SAR 197 ","no_projects":"50","revenue":" SAR 82,817.00 ","comments":"40","profession":"","bio":"","skills":""},
{"id":"26","username":"N4Kubulus","fullname":"Shashi Ahmed","status":"Blocked","gender":"male","user_type":"Service Provider","iqama":"209432189","national_id":"","email":"parksh@outlook.com","telephone":"0536156820","certified":"YES","sa_address1":"7742-7660 Prince Jalawi Ibn Turki Ibn Abdullah, King Fahd, 12273","long_lat":"24.7445686,46.6629667","sa_region":"","sa_city":"Riyadh","country":"India","nationality":"Indian","profile_image":"","reg_date":"2021-04-18","rate_ph":" SAR 135 ","no_projects":"45","revenue":" SAR 77,946.00 ","comments":"37","profession":"","bio":"","skills":""},
{"id":"27","username":"KdDmosin","fullname":"Kishan Patil","status":"Blocked","gender":"male","user_type":"Service Provider","iqama":"234083515","national_id":"","email":"sarahs@att.net","telephone":"0540204391","certified":"YES","sa_address1":"3283-3309 Al Hawm, King Fahd","long_lat":"24.748240, 46.671411","sa_region":"","sa_city":"Riyadh","country":"India","nationality":"Indian","profile_image":"","reg_date":"2019-06-20","rate_ph":" SAR 279 ","no_projects":"13","revenue":" SAR 71,078.00 ","comments":"51","profession":"","bio":"","skills":""},
{"id":"28","username":"GFforsuoti","fullname":"Ramakrishna Sharma","status":"Approved","gender":"male","user_type":"Service Provider","iqama":"202162542","national_id":"","email":"webinc@sbcglobal.net","telephone":"0564806480","certified":"NO","sa_address1":"7739-7781 Jamal Al Lail, King Fahd, 12274","long_lat":"24.745151, 46.673804","sa_region":"","sa_city":"Riyadh","country":"India","nationality":"Indian","profile_image":"","reg_date":"2021-05-18","rate_ph":" SAR 22 ","no_projects":"31","revenue":" SAR 69,259.00 ","comments":"23","profession":"","bio":"","skills":""},
{"id":"29","username":"8wdjprotesta","fullname":"Kiran Chaudhari","status":"Approved","gender":"male","user_type":"Service Provider","iqama":"214374064","national_id":"","email":"milton@sbcglobal.net","telephone":"0531937387","certified":"NO","sa_address1":"Hassan Ibn Amr, King Fahd, 12274","long_lat":"24.744284, 46.670510","sa_region":"","sa_city":"Riyadh","country":"India","nationality":"Indian","profile_image":"","reg_date":"2020-01-07","rate_ph":" SAR 44 ","no_projects":"5","revenue":" SAR 1,090.00 ","comments":"11","profession":"","bio":"","skills":""},
{"id":"30","username":"kHtoyak","fullname":"Subrahmanya Kumar","status":"Approved","gender":"male","user_type":"Service Provider","iqama":"230197938","national_id":"","email":"jugalator@optonline.net","telephone":"0564963472","certified":"YES","sa_address1":"Ubaid Al Misri, An Nasim Ash Sharqi, 14243","long_lat":"24.734590, 46.834552","sa_region":"","sa_city":"Riyadh","country":"India","nationality":"Indian","profile_image":"","reg_date":"2021-01-31","rate_ph":" SAR 138 ","no_projects":"7","revenue":" SAR 20,916.00 ","comments":"17","profession":"","bio":"","skills":""},
{"id":"31","username":"l7casys","fullname":"Narayana Kulkarni","status":"Approved","gender":"male","user_type":"Service Provider","iqama":"218120568","national_id":"","email":"dieman@me.com","telephone":"0525097041","certified":"YES","sa_address1":"An Nasim Ash Sharqi, 14243","long_lat":"24.737988, 46.834590","sa_region":"","sa_city":"Riyadh","country":"India","nationality":"Indian","profile_image":"","reg_date":"2020-06-21","rate_ph":" SAR 218 ","no_projects":"67","revenue":" SAR 71,425.00 ","comments":"68","profession":"","bio":"","skills":""},
{"id":"32","username":"uoMCDXCVI","fullname":"Jyothi Jain","status":"Pending","gender":"male","user_type":"Service Provider","iqama":"209441262","national_id":"","email":"kawasaki@att.net","telephone":"0583433940","certified":"NO","sa_address1":"6517 Ash Shaikh Ali Ibn Hussain Ibn Muhammad, An Nasim Ash Sharqi, 14241","long_lat":"24.741004, 46.832388","sa_region":"","sa_city":"Riyadh","country":"India","nationality":"Indian","profile_image":"","reg_date":"2019-03-20","rate_ph":" SAR 158 ","no_projects":"93","revenue":" SAR 7,268.00 ","comments":"13","profession":"","bio":"","skills":""},
{"id":"33","username":"30hrubnout","fullname":"Inderjeet Jain","status":"Suspended","gender":"male","user_type":"Service Provider","iqama":"224566390","national_id":"","email":"dbanarse@yahoo.com","telephone":"0576660660","certified":"YES","sa_address1":"6802 Al Jamal Al Misri, An Nasim Ash Sharqi, 14241","long_lat":"24.743653, 46.830568","sa_region":"","sa_city":"Riyadh","country":"India","nationality":"Indian","profile_image":"","reg_date":"2021-04-18","rate_ph":" SAR 41 ","no_projects":"59","revenue":" SAR 38,285.00 ","comments":"25","profession":"","bio":"","skills":""},
{"id":"34","username":"qXgaboledd","fullname":"Rajnish Chaudhari","status":"Reported","gender":"male","user_type":"Service Provider","iqama":"206409596","national_id":"","email":"tmccarth@icloud.com","telephone":"0529228841","certified":"YES","sa_address1":"6829 Ibn Abi Ash Shamlyn, An Nasim Ash Sharqi, 14241","long_lat":"24.743921, 46.836261","sa_region":"","sa_city":"Riyadh","country":"India","nationality":"Indian","profile_image":"","reg_date":"2019-06-20","rate_ph":" SAR 148 ","no_projects":"61","revenue":" SAR 74,228.00 ","comments":"48","profession":"","bio":"","skills":""},
{"id":"35","username":"1Hidelelwe","fullname":"Lal Kulkarni","status":"Suspended","gender":"male","user_type":"Service Provider","iqama":"221149728","national_id":"","email":"devphil@gmail.com","telephone":"0545249097","certified":"NO","sa_address1":"3688 Wadi Al Harradi, An Nasim Ash Sharqi, 14241","long_lat":"24.749144, 46.836849","sa_region":"","sa_city":"Riyadh","country":"India","nationality":"Indian","profile_image":"","reg_date":"2021-05-18","rate_ph":" SAR 242 ","no_projects":"94","revenue":" SAR 74,638.00 ","comments":"59","profession":"","bio":"","skills":""},
{"id":"36","username":"Fkwenroger0903","fullname":"Tushar Nagarkar","status":"Pending","gender":"male","user_type":"Service Provider","iqama":"208879695","national_id":"","email":"mbrown@msn.com","telephone":"0533447599","certified":"NO","sa_address1":"Wadi Ar Rimmah, An Nasim Ash Sharqi, 14242","long_lat":"24.749554, 46.840991","sa_region":"","sa_city":"Riyadh","country":"India","nationality":"Indian","profile_image":"","reg_date":"2020-01-07","rate_ph":" SAR 197 ","no_projects":"9","revenue":" SAR 29,908.00 ","comments":"20","profession":"","bio":"","skills":""},
{"id":"37","username":"95alablanca","fullname":"Lalit Das","status":"Suspended","gender":"male","user_type":"Service Provider","iqama":"233827511","national_id":"","email":"gumpish@icloud.com","telephone":"0584414881","certified":"YES","sa_address1":"An Nasim Ash Sharqi, 11564","long_lat":"24.751384, 46.844902","sa_region":"","sa_city":"Riyadh","country":"India","nationality":"Indian","profile_image":"","reg_date":"2021-01-31","rate_ph":" SAR 135 ","no_projects":"66","revenue":" SAR 3,054.00 ","comments":"3","profession":"","bio":"","skills":""},
{"id":"38","username":"LMluxuryhotel","fullname":"Lal Patil","status":"Pending","gender":"male","user_type":"Service Provider","iqama":"209761970","national_id":"","email":"stecoop@aol.com","telephone":"0536191296","certified":"YES","sa_address1":"7672 Wadi Al Jaridah, An Nasim Ash Sharqi, 14242","long_lat":"24.751502, 46.837874","sa_region":"","sa_city":"Riyadh","country":"India","nationality":"Indian","profile_image":"","reg_date":"2020-08-22","rate_ph":" SAR 279 ","no_projects":"22","revenue":" SAR 96,190.00 ","comments":"70","profession":"","bio":"","skills":""},
{"id":"39","username":"Eoenjaula","fullname":"Purushottam Kumar","status":"Suspended","gender":"male","user_type":"Service Provider","iqama":"223936344","national_id":"","email":"lpalmer@gmail.com","telephone":"0531055080","certified":"YES","sa_address1":"4243-4295 Haradah, An Nahdah, 13222","long_lat":"24.767120, 46.829790","sa_region":"","sa_city":"Riyadh","country":"India","nationality":"Indian","profile_image":"","reg_date":"2020-04-11","rate_ph":" SAR 22 ","no_projects":"37","revenue":" SAR 60,338.00 ","comments":"52","profession":"","bio":"","skills":""},
{"id":"40","username":"mandasarahk6","fullname":"Rashmi Chaudhary","status":"Pending","gender":"male","user_type":"Service Provider","iqama":"228945370","national_id":"","email":"stecoop@hotmail.com","telephone":"0568866879","certified":"YES","sa_address1":"7125-7181 Ibn Ashir, Al Khaleej, 13224","long_lat":"24.777785, 46.821075","sa_region":"","sa_city":"Riyadh","country":"India","nationality":"Indian","profile_image":"","reg_date":"2019-11-02","rate_ph":" SAR 44 ","no_projects":"56","revenue":" SAR 28,950.00 ","comments":"18","profession":"","bio":"","skills":""},
{"id":"41","username":"swimminchic7899","fullname":"Mohamed Bn Sadhan","status":"Suspended","gender":"male","user_type":"Customer","iqama":"","national_id":"1026447277","email":"amimojo@aol.com","telephone":"0525145015","certified":"","sa_address1":"","long_lat":"","sa_region":"","sa_city":"Mecca","country":"Saudi Arabia","nationality":"Saudi","profile_image":"","reg_date":"2019-03-20","rate_ph":"","no_projects":"","revenue":"","comments":"","profession":"","bio":"","skills":""},
{"id":"42","username":"asukanosekai67","fullname":"Hadi Bin Ali Bin Hadi Al Afeer","status":"Blocked","gender":"male","user_type":"Customer","iqama":"","national_id":"1007515358","email":"roamer@yahoo.com","telephone":"0582059258","certified":"","sa_address1":"","long_lat":"","sa_region":"","sa_city":"Mecca","country":"Saudi Arabia","nationality":"Saudi","profile_image":"","reg_date":"2021-04-18","rate_ph":"","no_projects":"","revenue":"","comments":"","profession":"","bio":"","skills":""},
{"id":"43","username":"zemigwaqody","fullname":"AbduIlah Mashoj Alshammari","status":"Blocked","gender":"male","user_type":"Customer","iqama":"","national_id":"1180696786","email":"barnett@yahoo.ca","telephone":"0537479845","certified":"","sa_address1":"","long_lat":"","sa_region":"","sa_city":"Mecca","country":"Saudi Arabia","nationality":"Saudi","profile_image":"","reg_date":"2019-06-20","rate_ph":"","no_projects":"","revenue":"","comments":"","profession":"","bio":"","skills":""},
{"id":"44","username":"keexoguiques3","fullname":"Abdulrahman Alarfaj","status":"Blocked","gender":"male","user_type":"Customer","iqama":"","national_id":"1141438951","email":"jdhildeb@icloud.com","telephone":"0517948698","certified":"","sa_address1":"","long_lat":"","sa_region":"","sa_city":"Mecca","country":"Saudi Arabia","nationality":"Saudi","profile_image":"","reg_date":"2021-05-18","rate_ph":"","no_projects":"","revenue":"","comments":"","profession":"","bio":"","skills":""},
{"id":"45","username":"TTVxf","fullname":"Abdulaziz Alajaje","status":"Blocked","gender":"male","user_type":"Customer","iqama":"","national_id":"1168128016","email":"houle@live.com","telephone":"0520806529","certified":"","sa_address1":"","long_lat":"","sa_region":"","sa_city":"Mecca","country":"Saudi Arabia","nationality":"Saudi","profile_image":"","reg_date":"2020-01-07","rate_ph":"","no_projects":"","revenue":"","comments":"","profession":"","bio":"","skills":""},
{"id":"46","username":"2s4ty18a","fullname":"Abdulaziz Alhazzaa","status":"Blocked","gender":"male","user_type":"Customer","iqama":"","national_id":"1096467370","email":"kobayasi@optonline.net","telephone":"0522680143","certified":"","sa_address1":"","long_lat":"","sa_region":"","sa_city":"Mecca","country":"Saudi Arabia","nationality":"Saudi","profile_image":"","reg_date":"2021-01-31","rate_ph":"","no_projects":"","revenue":"","comments":"","profession":"","bio":"","skills":""},
{"id":"47","username":"conquesiiv9","fullname":"Mohamed Rajhi","status":"Approved","gender":"male","user_type":"Customer","iqama":"","national_id":"1130171948","email":"kludge@me.com","telephone":"0536400645","certified":"","sa_address1":"","long_lat":"","sa_region":"","sa_city":"Mecca","country":"Saudi Arabia","nationality":"Saudi","profile_image":"","reg_date":"2020-06-21","rate_ph":"","no_projects":"","revenue":"","comments":"","profession":"","bio":"","skills":""},
{"id":"48","username":"unihokej36","fullname":"Saad Abdullah Alshahrani","status":"Approved","gender":"male","user_type":"Customer","iqama":"","national_id":"1158760972","email":"flakeg@me.com","telephone":"0531952988","certified":"","sa_address1":"","long_lat":"","sa_region":"","sa_city":"Mecca","country":"Saudi Arabia","nationality":"Saudi","profile_image":"","reg_date":"2019-05-07","rate_ph":"","no_projects":"","revenue":"","comments":"","profession":"","bio":"","skills":""},
{"id":"49","username":"arrupaviqp","fullname":"Abdullah Alqoud","status":"Approved","gender":"male","user_type":"Customer","iqama":"","national_id":"1046851710","email":"gtaylor@icloud.com","telephone":"0569844088","certified":"","sa_address1":"","long_lat":"","sa_region":"","sa_city":"Mecca","country":"Saudi Arabia","nationality":"Saudi","profile_image":"","reg_date":"2019-07-20","rate_ph":"","no_projects":"","revenue":"","comments":"","profession":"","bio":"","skills":""},
{"id":"50","username":"Gumbgorntroums1","fullname":"Abdulsalam Al Ohali","status":"Approved","gender":"male","user_type":"Customer","iqama":"","national_id":"1111772222","email":"rbarreira@gmail.com","telephone":"0523358442","certified":"","sa_address1":"","long_lat":"","sa_region":"","sa_city":"Mecca","country":"Saudi Arabia","nationality":"Saudi","profile_image":"","reg_date":"2020-11-28","rate_ph":"","no_projects":"","revenue":"","comments":"","profession":"","bio":"","skills":""},
{"id":"51","username":"talabo59l6","fullname":"Saleh Almubrad","status":"Pending","gender":"male","user_type":"Customer","iqama":"","national_id":"1118488404","email":"pereinar@outlook.com","telephone":"0560128147","certified":"","sa_address1":"","long_lat":"","sa_region":"","sa_city":"Mecca","country":"Saudi Arabia","nationality":"Saudi","profile_image":"","reg_date":"2019-06-25","rate_ph":"","no_projects":"","revenue":"","comments":"","profession":"","bio":"","skills":""},
{"id":"52","username":"eric189eduxi","fullname":"Khalaf Alajmi","status":"Suspended","gender":"male","user_type":"Customer","iqama":"","national_id":"1040341085","email":"chaffar@live.com","telephone":"0576431916","certified":"","sa_address1":"","long_lat":"","sa_region":"","sa_city":"Medina","country":"Saudi Arabia","nationality":"Saudi","profile_image":"","reg_date":"2020-02-22","rate_ph":"","no_projects":"","revenue":"","comments":"","profession":"","bio":"","skills":""},
{"id":"53","username":"starijojfd","fullname":"Mohammed Shaieq","status":"Pending","gender":"male","user_type":"Customer","iqama":"","national_id":"1143760525","email":"kmiller@hotmail.com","telephone":"0555823823","certified":"","sa_address1":"","long_lat":"","sa_region":"","sa_city":"Medina","country":"Saudi Arabia","nationality":"Saudi","profile_image":"","reg_date":"2020-05-12","rate_ph":"","no_projects":"","revenue":"","comments":"","profession":"","bio":"","skills":""},
{"id":"54","username":"Albrisio71","fullname":"Ahmad Alajlan","status":"Suspended","gender":"male","user_type":"Project Officer","iqama":"","national_id":"1075411534","email":"morain@aol.com","telephone":"0545442339","certified":"","sa_address1":"","long_lat":"","sa_region":"","sa_city":"Medina","country":"Saudi Arabia","nationality":"Saudi","profile_image":"","reg_date":"2019-09-25","rate_ph":"","no_projects":"","revenue":"","comments":"","profession":"","bio":"","skills":""},
{"id":"55","username":"doscerohk","fullname":"Khalid Alharbi","status":"Approved","gender":"male","user_type":"Project Officer","iqama":"","national_id":"1076967756","email":"evans@yahoo.ca","telephone":"0577948416","certified":"","sa_address1":"","long_lat":"","sa_region":"","sa_city":"Medina","country":"Saudi Arabia","nationality":"Saudi","profile_image":"","reg_date":"2020-08-22","rate_ph":"","no_projects":"","revenue":"","comments":"","profession":"","bio":"","skills":""},
{"id":"56","username":"Gydweli96","fullname":"Ahmed Alfuraih","status":"Approved","gender":"male","user_type":"Project Officer","iqama":"","national_id":"1091631000","email":"north@outlook.com","telephone":"0522219649","certified":"","sa_address1":"","long_lat":"","sa_region":"","sa_city":"Medina","country":"Saudi Arabia","nationality":"Saudi","profile_image":"","reg_date":"2020-04-11","rate_ph":"","no_projects":"","revenue":"","comments":"","profession":"","bio":"","skills":""},
{"id":"57","username":"Rizsweemwedv2","fullname":"Turki Alluhaidan","status":"Approved","gender":"male","user_type":"Supervisor","iqama":"","national_id":"1011199268","email":"sscorpio@optonline.net","telephone":"0539044850","certified":"","sa_address1":"","long_lat":"","sa_region":"","sa_city":"Medina","country":"Saudi Arabia","nationality":"Saudi","profile_image":"","reg_date":"2019-11-02","rate_ph":"","no_projects":"","revenue":"","comments":"","profession":"","bio":"","skills":""},
{"id":"58","username":"Carpedervattedc","fullname":"Nawaf Ali Turki","status":"Approved","gender":"male","user_type":"Supervisor","iqama":"","national_id":"1046941037","email":"rsteiner@yahoo.com","telephone":"0521971359","certified":"","sa_address1":"","long_lat":"","sa_region":"","sa_city":"Medina","country":"Saudi Arabia","nationality":"Saudi","profile_image":"","reg_date":"2019-10-01","rate_ph":"","no_projects":"","revenue":"","comments":"","profession":"","bio":"","skills":""},
{"id":"59","username":"IcerceAlalody","fullname":"Mohammed Alnasser","status":"Reported","gender":"male","user_type":"Supervisor","iqama":"","national_id":"1097811223","email":"purvis@live.com","telephone":"0566337191","certified":"","sa_address1":"","long_lat":"","sa_region":"","sa_city":"Medina","country":"Saudi Arabia","nationality":"Saudi","profile_image":"","reg_date":"2021-01-31","rate_ph":"","no_projects":"","revenue":"","comments":"","profession":"","bio":"","skills":""},
{"id":"60","username":"katie8904hiyf","fullname":"Osama Al Otaibi","status":"Reported","gender":"male","user_type":"Supervisor","iqama":"","national_id":"1164416409","email":"cumarana@mac.com","telephone":"0572212372","certified":"","sa_address1":"","long_lat":"","sa_region":"","sa_city":"Medina","country":"Saudi Arabia","nationality":"Saudi","profile_image":"","reg_date":"2020-06-21","rate_ph":"","no_projects":"","revenue":"","comments":"","profession":"","bio":"","skills":""},
{"id":"61","username":"testaceej4","fullname":"Khalid Othman Sultan","status":"Reported","gender":"male","user_type":"Supervisor","iqama":"","national_id":"1016078127","email":"dmiller@comcast.net","telephone":"0531728032","certified":"","sa_address1":"","long_lat":"","sa_region":"","sa_city":"Medina","country":"Saudi Arabia","nationality":"Saudi","profile_image":"","reg_date":"2019-01-19","rate_ph":"","no_projects":"","revenue":"","comments":"","profession":"","bio":"","skills":""},
{"id":"62","username":"kwabekwal4","fullname":"Yazid Hassan Alomari","status":"Reported","gender":"male","user_type":"Administrator","iqama":"","national_id":"1065749812","email":"matloff@sbcglobal.net","telephone":"0562963060","certified":"","sa_address1":"","long_lat":"","sa_region":"","sa_city":"Medina","country":"Saudi Arabia","nationality":"Saudi","profile_image":"","reg_date":"2021-04-13","rate_ph":"","no_projects":"","revenue":"","comments":"","profession":"","bio":"","skills":""},
{"id":"63","username":"impulzeny3","fullname":"Fahad Al Shamri","status":"Approved","gender":"male","user_type":"Administrator","iqama":"","national_id":"1139161877","email":"howler@live.com","telephone":"0534776036","certified":"","sa_address1":"","long_lat":"","sa_region":"","sa_city":"Abha","country":"Saudi Arabia","nationality":"Saudi","profile_image":"","reg_date":"2019-03-20","rate_ph":"","no_projects":"","revenue":"","comments":"","profession":"","bio":"","skills":""},
{"id":"64","username":"remittedld","fullname":"Faris Al Qahtani","status":"Approved","gender":"male","user_type":"Administrator","iqama":"","national_id":"1075503329","email":"warrior@yahoo.ca","telephone":"0571038871","certified":"","sa_address1":"","long_lat":"","sa_region":"","sa_city":"Abha","country":"Saudi Arabia","nationality":"Saudi","profile_image":"","reg_date":"2021-04-18","rate_ph":"","no_projects":"","revenue":"","comments":"","profession":"","bio":"","skills":""},
{"id":"65","username":"eyjumpj","fullname":"Majeed Al Mutairi","status":"Approved","gender":"male","user_type":"Administrator","iqama":"","national_id":"1185290620","email":"shrapnull@outlook.com","telephone":"0536317285","certified":"","sa_address1":"","long_lat":"","sa_region":"","sa_city":"Abha","country":"Saudi Arabia","nationality":"Saudi","profile_image":"","reg_date":"2019-06-20","rate_ph":"","no_projects":"","revenue":"","comments":"","profession":"","bio":"","skills":""},
{"id":"66","username":"umsetzbar75","fullname":"Omar Al Qahtani","status":"Approved","gender":"male","user_type":"Service Provider","iqama":"","national_id":"1023137833","email":"chinthaka@live.com","telephone":"0544701607","certified":"","sa_address1":"","long_lat":"","sa_region":"","sa_city":"Abha","country":"Saudi Arabia","nationality":"Saudi","profile_image":"","reg_date":"2021-05-18","rate_ph":" SAR 158 ","no_projects":"","revenue":"","comments":"","profession":"","bio":"","skills":""},
{"id":"67","username":"donkichot9h","fullname":"Abdullah Al Harbi","status":"Approved","gender":"male","user_type":"Service Provider","iqama":"","national_id":"1179064290","email":"rgiersig@mac.com","telephone":"0569636739","certified":"","sa_address1":"","long_lat":"","sa_region":"","sa_city":"Abha","country":"Saudi Arabia","nationality":"Saudi","profile_image":"","reg_date":"2020-01-07","rate_ph":" SAR 41 ","no_projects":"","revenue":"","comments":"","profession":"","bio":"","skills":""},
{"id":"68","username":"zesontoyv","fullname":"Sultan Mohammad Sudais","status":"Approved","gender":"male","user_type":"Service Provider","iqama":"","national_id":"1181963415","email":"caronni@icloud.com","telephone":"0568213824","certified":"","sa_address1":"","long_lat":"","sa_region":"","sa_city":"Abha","country":"Saudi Arabia","nationality":"Saudi","profile_image":"","reg_date":"2021-01-31","rate_ph":" SAR 148 ","no_projects":"","revenue":"","comments":"","profession":"","bio":"","skills":""},
{"id":"69","username":"eridem3o","fullname":"Mohammed Bin Abdulrahman Al Shibl","status":"Approved","gender":"male","user_type":"Service Provider","iqama":"","national_id":"1154290072","email":"mosses@outlook.com","telephone":"0572206667","certified":"","sa_address1":"","long_lat":"","sa_region":"","sa_city":"Abha","country":"Saudi Arabia","nationality":"Saudi","profile_image":"","reg_date":"2020-06-21","rate_ph":" SAR 242 ","no_projects":"","revenue":"","comments":"","profession":"","bio":"","skills":""}
]